Category,Headline
Entertainment,Market Game Vaccine Vaccine
Entertainment,AI Startup Startup AI Movie
Sports,Movie Vaccine Music
Entertainment,AI AI Movie Election Election
Entertainment,Music Health Market Music Vaccine
Tech,Stock Vaccine Vaccine
Tech,Stock Game Health AI AI Health
Health,Stock Election Startup Health AI
Business,AI Market Music Movie AI AI
Entertainment,Vaccine Election Vaccine AI Game Election
Health,Health Health Movie Health Market Game
Business,Startup Market Startup
Health,Game Game Market AI Startup
Business,AI Game AI Market Movie
Business,Stock Vaccine Market Market Startup
Entertainment,Market Movie Startup Stock Startup
Entertainment,Election Startup Startup Movie Vaccine
Sports,Health Movie Health Market Health
Business,Vaccine Music Health Startup Game Health
Entertainment,Election Music Startup Market Game Market
Tech,Stock Health AI Health Health Movie
Tech,Stock Vaccine Music Election Vaccine
Tech,Election Vaccine Health Startup Music Music
Business,AI Music Market Market Election Market
Entertainment,Movie Game Startup Music
Tech,Game Movie Music AI
Entertainment,Stock Game Game
Entertainment,Game AI Health
Entertainment,Health Election Market Startup
Entertainment,Stock Stock Vaccine Music Startup Vaccine
Business,AI Election Market Vaccine Movie
Sports,Game Stock Market Election Election
Sports,Election Movie Music
Business,Health Startup Market
Entertainment,Health Startup Movie Stock
Entertainment,Movie Startup Music Market
Sports,Health Vaccine Market
Business,Game AI Stock AI Vaccine Market
Business,Election Vaccine Market Startup Market
Entertainment,Health Vaccine Startup Music Health Vaccine
Health,Movie Game Stock Stock Music
Sports,Music Vaccine Market Vaccine Market
Business,Health Stock Health
Sports,Health Health AI Startup Music
Sports,Vaccine Election Health Startup Game Music
Entertainment,Vaccine Stock Vaccine Stock Market Election
Sports,Game Election Movie
Health,Stock Vaccine Startup Market Movie
Health,Market Music Startup
Tech,AI Movie Election Market AI
Entertainment,Movie Game Stock Game Game Music
Business,AI Game Game Health Health
Sports,Stock Vaccine Stock Health Music Vaccine
Sports,Game Startup Music
Sports,Market Stock Movie Health Health
Business,Election Startup Music AI
Sports,AI Vaccine Vaccine
Business,Vaccine Game Vaccine
Business,Vaccine AI Election
Sports,Market Health Market
Business,Market Stock Music Startup Music AI
Tech,Election Startup Music Movie Stock
Tech,Movie Market Election Movie
Entertainment,AI Market Startup
Tech,Market Startup Music Movie Game
Tech,Movie Vaccine Stock
Tech,Stock Health Music
Health,Movie Startup Vaccine Startup Market
Sports,Stock Movie Music Election
Business,Health Health Vaccine Market AI Stock
Tech,Election Movie Health AI
Entertainment,Market Market Health Stock Game Vaccine
Sports,Startup Game Market
Sports,Vaccine Vaccine Music AI
Entertainment,Health Health Music Health
Sports,Health Vaccine Movie AI Music Election
Business,Movie Music Music Health
Business,Startup Movie Game
Sports,AI Election Market Market Election
Tech,Health AI Music Music
Sports,Game Stock Vaccine
Sports,Health Game Stock Startup
Tech,Election Game Music Movie
Business,AI Market AI AI
Business,Health Election Election
Tech,Game Market Stock Election Movie
Tech,Market AI Stock Health Market
Sports,Music Vaccine Game
Tech,Movie Game Health Health Market Vaccine
Tech,Vaccine Game AI Stock
Sports,Market Health Stock Health
Tech,Startup Election Health Market Game Election
Tech,Health Stock AI Music
Business,Health Startup Stock
Health,AI Startup Stock Market Health Game
Entertainment,Election Health Movie AI Market AI
Health,Health Vaccine Music Health Health
Sports,Stock Market Election
Sports,Music Startup Movie Startup
Entertainment,Health Market Startup
Health,Movie Market AI Game Election Market
Health,AI Health Game AI Market
Health,AI Music Market Election Movie
Health,Music Movie Startup
Tech,Music Music Music Market Startup
Entertainment,Music Music Vaccine
Tech,Startup Game Game
Health,AI Health Health Vaccine Vaccine Election
Business,Music Vaccine Election Movie Music
Business,Health Election Music Startup Health
Entertainment,Health Movie Health Game Movie
Business,Movie Game Startup
Business,Startup Startup Market
Entertainment,Election Stock Market Vaccine Vaccine
Health,Vaccine Music Vaccine
Business,Stock Startup Movie
Entertainment,Election Startup Election AI Health
Sports,Stock Music Vaccine Game Vaccine Health
Entertainment,Vaccine Game Music Election
Entertainment,Election AI Election
Entertainment,AI Game Market Startup
Entertainment,Music Health Music Game
Entertainment,Market Music Music
Entertainment,Market Vaccine Movie AI
Business,Stock Music Movie Stock Startup
Sports,AI Health Startup Market Market AI
Entertainment,AI Music AI
Entertainment,Vaccine Movie Health Music
Entertainment,Game Music Game AI Health
Entertainment,Music Startup Stock Market
Entertainment,Stock Health Game Startup AI
Business,Vaccine Health Music AI Music Music
Entertainment,Movie Music Stock AI
Business,Election Vaccine Music Startup Election AI
Business,Startup Stock Startup Movie AI
Sports,Market Game Startup Movie
Sports,Market Market Election Movie Market Movie
Entertainment,Health Market Stock Movie Movie
Sports,Game Music Music Vaccine
Tech,Music Vaccine Election Market Market Stock
Entertainment,Health Music Health AI Game Stock
Business,Health Startup Music Vaccine
Sports,AI Health Startup Health Startup Startup
Tech,Game Health AI Startup Movie
Entertainment,Health Game Stock Vaccine Stock Movie
Sports,Vaccine Music Vaccine Health
Health,Movie Stock Vaccine AI Vaccine
Business,Game Game Health
Entertainment,Game Startup Vaccine Health Movie
Tech,Startup Health AI Election
Entertainment,Market Startup Market Startup
Entertainment,Startup Vaccine Startup Market Music Game
Business,Movie Stock Music Market
Entertainment,Vaccine Game Health AI
Health,Vaccine Startup AI Market Movie
Tech,Health Health Health
Business,Election Game Market Startup
Entertainment,Stock Startup Music
Health,Startup Market Election Movie
Sports,Market AI Health Game Startup Music
Business,Movie Startup Election
Tech,AI Game Movie
Tech,Movie Game Election Startup
Entertainment,Game Startup Movie Health Startup
Entertainment,Stock Market Startup Health Music Election
Entertainment,Election Market AI AI
Business,Election Startup AI
Business,Game Market Music Vaccine
Sports,Game Health Game Election Election
Business,Startup Election Election
Entertainment,AI Movie Game AI Stock
Entertainment,AI Startup Election
Sports,Vaccine Vaccine AI
Entertainment,Stock Game AI
Business,Vaccine Startup Health Music Stock
Tech,Movie Music Movie
Sports,Health Startup Health Music AI
Business,Startup Market Startup
Business,Game Music Music AI
Sports,Game Game Market Vaccine
Tech,AI Health AI Movie
Tech,Market Startup AI Election AI
Business,AI Stock Music Health Vaccine Startup
Tech,Market Movie Vaccine Stock Movie
Sports,Game Health Movie Game Stock
Entertainment,Startup Election Startup Vaccine Vaccine Startup
Health,Music Market Market Startup Startup
Business,Music Election AI AI Election
Tech,Election Game Market AI
Entertainment,Startup Stock Vaccine Stock Market Game
Business,Stock Startup Health Stock Election
Business,Election Health AI AI Stock
Tech,Health Movie AI Vaccine
Health,Vaccine Election Startup
Tech,AI Stock Election
Tech,Music Game Health
Tech,Market Market Startup Movie Market
Entertainment,Music Music Health
Health,Election Startup Market Vaccine Vaccine
Entertainment,Movie Stock Stock Market Vaccine Vaccine
